Workbook

Sheet swpCVPSupplyData_CCA1_v3.7.0__B
B1: Butte County | C1: City of Folsom | D1: City of Redding | E1: City of Roseville | F1: City of West Sacramento | G1: Yuba City | H1: El Dorado Irrigation District | I1: Napa County Flood Control & Water Conservation District | J1: Placer County Water Agency | K1: Sacramento County Water Agency | L1: San Juan Water District | M1: Shasta Contractors | N1: Solano County Water Agency | O1: City of Avenal | P1: City of Coalinga | Q1: City of Fresno | R1: City of Huron | S1: City of Lindsay | T1: City of Orange Cove | U1: City of Tracy | V1: Kern County Water Agency | W1: Other Friant-Kern M&I Contractors | X1: Stockton-East Water District | Y1: Alameda County Flood Control and Water Conservation District, Zone 7 | Z1: Alameda County Water District | AA1: Contra Costa Water District | AB1: East Bay Municipal Utilities District | AC1: San Benito County Water District, Zone 6 | AD1: Santa Clara Valley Water District | AE1: San Luis Obispo County Flood Control & Water Conservation District | AF1: Santa Barbara County Flood Control & Water Conservation District | AG1: Antelope Valley-East Kern Water Agency | AH1: Santa Clarita Valley Water Agency | AI1: Coachella Valley Water District | AJ1: Crestline-Lake Arrowhead Water Agency | AK1: Desert Water Agency | AL1: Metropolitan Water District of Southern California | AM1: Mojave Water Agency | AN1: Palmdale Water District & Littlerock Creek Irrigation District | AO1: San Bernardino Valley Municipal Water District | AP1: San Gabriel Valley Municipal Water District | AQ1: San Gorgonio Pass Water Agency | AR1: Ventura County Watershed Protection District
A2: 8036 | B2: 4173.6168 | C2: 3857.9033 | E2: 6087 | F2: 2281 | G2: 2745.9999 | H2: 1590.2006 | I2: 6119.7 | J2: 0 | K2: 6371.6 | L2: 7183.9999 | N2: 9580.0001 | O2: 758.26403 | P2: 2202.5765 | R2: 649.9406 | S2: 0 | T2: 0 | U2: 3993.9854 | W2: 0 | Y2: 16500 | Z2: 19800 | AB2: 3200 | AC2: 2268.75 | AD2: 64054.113 | AE2: 4190 | AF2: 7910.0002 | AG2: 22820 | AH2: 0 | AI2: 43530.001 | AJ2: 640 | AK2: 23030 | AM2: 17950 | AN2: 5299.9999 | AO2: 35090 | AP2: 879.99998 | AQ2: 1610 | AR2: 0
A3: 8401 | B3: 27018.747 | C3: 19178.022 | E3: 32000 | F3: 12001 | G3: 12119 | H3: 13516.051 | I3: 25925.1 | J3: 0 | K3: 30998.4 | L3: 41000 | N3: 22208.4 | O3: 3408.3559 | P3: 9900.4625 | R3: 2921.4479 | S3: 2579.556 | T3: 1444.5514 | U3: 18876.35 | W3: 3019.1123 | Y3: 56350.577 | Z3: 20491.119 | AB3: 3200.0001 | AC3: 8021.0625 | AD3: 166851.64 | AE3: 9974.2597 | AF3: 22932.818 | AG3: 79012.095 | AH3: 32460.231 | AI3: 55193.564 | AJ3: 2314.0282 | AK3: 22238.609 | AM3: 40974.259 | AN3: 11235.006 | AO3: 71958.299 | AP3: 22980.694 | AQ3: 9024.7101 | AR3: 10014.157
A4: 8766 | B4: 19477.113 | C4: 19161.248 | E4: 27274.999 | F4: 12001 | G4: 12119 | H4: 12999.901 | I4: 36475.2 | J4: 0 | K4: 29143.4 | L4: 41000 | N4: 42267.6 | O4: 3325.5593 | P4: 9659.958 | R4: 2850.4794 | S4: 2708.132 | T4: 1516.5539 | U4: 16783.816 | W4: 3169.5977 | Y4: 37009.739 | Z4: 26887.746 | AB4: 3200.0001 | AC4: 7814.1725 | AD4: 178255.9 | AE4: 17449.111 | AF4: 27820.875 | AG4: 85684.377 | AH4: 64640.676 | AI4: 96566.377 | AJ4: 4367.1207 | AK4: 38914.512 | AM4: 59304.523 | AN4: 16151.613 | AO4: 47081.368 | AP4: 11481.373 | AQ4: 11397.401 | AR4: 5003.1675
A5: 9132 | B5: 15528.73 | C5: 17920.723 | E5: 26690 | F5: 12001 | G5: 12119 | H5: 3488.4942 | I5: 22166.5 | J5: 0 | K5: 12141.974 | L5: 41000 | N5: 29506.7 | O5: 1223.0184 | P5: 3552.5772 | R5: 1048.3015 | S5: 881.30219 | T5: 493.52923 | U5: 4406.2448 | W5: 1031.4761 | Y5: 25701.385 | Z5: 13259.348 | AB5: 33967.516 | AC5: 2974.5375 | AD5: 75493.695 | AE5: 9056.7695 | AF5: 17183.851 | AG5: 48206.073 | AH5: 26904.503 | AI5: 45591.668 | AJ5: 2036.807 | AK5: 19227.041 | AM5: 31321.641 | AN5: 7513.2955 | AO5: 32955.873 | AP5: 8827.0948 | AQ5: 5388.3554 | AR5: 3846.5291
A6: 9497 | B6: 7139.3237 | C6: 18984.447 | E6: 25805 | F6: 12001 | G6: 12119 | H6: 12304.679 | I6: 23591.48 | J6: 0 | K6: 27290.721 | L6: 41000 | N6: 19690.9 | O6: 2836.805 | P6: 8240.2432 | R6: 2431.5472 | S6: 2598.8371 | T6: 1455.3488 | U6: 13741.847 | W6: 3041.6789 | Y6: 16961.102 | Z6: 9312.3227 | AB6: 5682.4826 | AC6: 6736.5801 | AD6: 118298.37 | AE6: 5410.6689 | AF6: 9310.7889 | AG6: 30815.214 | AH6: 16613.282 | AI6: 31496.182 | AJ6: 1167.964 | AK6: 12398.675 | AM6: 19241.764 | AN6: 4948.9859 | AO6: 21423.025 | AP6: 5799.5457 | AQ6: 3549.9824 | AR6: 2527.2325
A7: 9862 | B7: 15337.226 | C7: 18856.835 | E7: 26690 | F7: 12001 | G7: 12119 | H7: 7776.6571 | I7: 25816.4 | J7: 0 | K7: 26440.991 | L7: 41000 | N7: 22924.8 | O7: 2444.8387 | P7: 7101.6742 | R7: 2095.576 | S7: 2167.9677 | T7: 1214.0619 | U7: 9380.9283 | W7: 2537.3893 | Y7: 25426.004 | Z7: 12681.106 | AB7: 70858.874 | AC7: 5755.4718 | AD7: 115116.16 | AE7: 7705.3049 | AF7: 14654.545 | AG7: 45272.549 | AH7: 26900.659 | AI7: 40798.373 | AJ7: 1891.1978 | AK7: 16787.969 | AM7: 27906.815 | AN7: 7462.0382 | AO7: 32550.595 | AP7: 9390.7755 | AQ7: 5562.4284 | AR7: 4092.1608
A8: 10227 | B8: 26957.6 | C8: 19150.307 | E8: 32000 | F8: 12001 | G8: 12119 | H8: 14119.448 | I8: 30073.92 | J8: 0 | K8: 30679.918 | L8: 41000 | N8: 29606.4 | O8: 3369.2458 | P8: 9786.8568 | R8: 2887.925 | S8: 2630.7393 | T8: 1473.214 | U8: 18101.985 | W8: 3079.0173 | Y8: 48109.194 | Z8: 22764.367 | AB8: 16573.042 | AC8: 8052 | AD8: 172944.54 | AE8: 11480.961 | AF8: 22594.79 | AG8: 79309.114 | AH8: 44506.762 | AI8: 68355.925 | AJ8: 2897.4132 | AK8: 26636.624 | AM8: 44936.623 | AN8: 13814.151 | AO8: 59647.931 | AP8: 18312.401 | AQ8: 10084.115 | AR8: 7979.8833
A9: 10593 | B9: 26395.102 | C9: 19191.236 | E9: 32000 | F9: 12001 | G9: 12119 | H9: 12986.08 | I9: 37465.1 | J9: 0 | K9: 30998.4 | L9: 41000 | N9: 46088.4 | O9: 3022.0753 | P9: 8778.4091 | R9: 2590.3502 | S9: 2639.7736 | T9: 1478.2732 | U9: 15011.662 | W9: 3089.591 | Y9: 52658.386 | Z9: 26864.705 | AB9: 3200 | AC9: 7136.6468 | AD9: 166807.35 | AE9: 15920.582 | AF9: 29141.467 | AG9: 93050.305 | AH9: 51427.31 | AI9: 88103.916 | AJ9: 3642.4048 | AK9: 35502.312 | AM9: 57303.26 | AN9: 14872.55 | AO9: 67150.163 | AP9: 18921.256 | AQ9: 10966.779 | AR9: 8245.2001
A10: 10958 | B10: 3270.2024 | C10: 18575.914 | E10: 26690 | F10: 12001 | G10: 12119 | H10: 4004.3106 | I10: 24037.5 | J10: 0 | K10: 12642.472 | L10: 41000 | N10: 31655.9 | O10: 1255.1395 | P10: 3645.8815 | R10: 1075.8339 | S10: 1313.5559 | T10: 735.59132 | U10: 4435.9063 | W10: 1537.3859 | Y10: 6884.0123 | Z10: 3327.5251 | AB10: 35233.47 | AC10: 3133.9997 | AD10: 54024.956 | AE10: 2052.6072 | AF10: 4025.3598 | AG10: 12181.102 | AH10: 7448.485 | AI10: 10514.91 | AJ10: 523.65109 | AK10: 4396.4197 | AM10: 7478.0394 | AN10: 1947.6273 | AO10: 8849.0464 | AP10: 1645.2165 | AQ10: 1525.9356 | AR10: 716.92595
A11: 11323 | B11: 17205.48 | C11: 18784.429 | E11: 25805 | F11: 12001 | G11: 12119 | H11: 7624.1207 | I11: 22297.48 | J11: 0 | K11: 23830.341 | L11: 41000 | N11: 19690.9 | O11: 1926.6675 | P11: 5596.5104 | R11: 1651.4293 | S11: 1076.4198 | T11: 602.7951 | U11: 6319.6976 | W11: 1259.8418 | Y11: 24800.177 | Z11: 9410.387 | AB11: 77979.657 | AC11: 4554.9922 | AD11: 98006.745 | AE11: 7493.6821 | AF11: 14177.977 | AG11: 48798.226 | AH11: 29181.305 | AI11: 31031.587 | AJ11: 1737.9912 | AK11: 10903.992 | AM11: 28542.195 | AN11: 8449.5257 | AO11: 27518.305 | AP11: 11196.169 | AQ11: 5845.5554 | AR11: 472.03264
A12: 11688 | B12: 3025 | C12: 18535.436 | E12: 26690 | F12: 12001 | G12: 12119 | H12: 3611.9146 | I12: 16586.82 | J12: 0 | K12: 11917.454 | L12: 41000 | N12: 15173.9 | O12: 1252.3574 | P12: 3637.8 | R12: 1073.4492 | S12: 169.23445 | T12: 94.77129 | U12: 4609.1211 | W12: 198.072 | Y12: 1953.4883 | Z12: 897.63461 | AB12: 33691.358 | AC12: 2998.0279 | AD12: 45872.379 | AE12: 567.68035 | AF12: 1167.6936 | AG12: 3423.0436 | AH12: 2186.4439 | AI12: 2749.8839 | AJ12: 153.71363 | AK12: 1182.0048 | AM12: 2087.8552 | AN12: 575.89608 | AO12: 2526.9991 | AP12: 763.26771 | AQ12: 441.79419 | AR12: 332.6045
A13: 12054 | B13: 4456.1699 | C13: 18531.656 | E13: 26690 | F13: 12001 | G13: 12119 | H13: 3568.7135 | I13: 15655.9 | J13: 0 | K13: 11750.498 | L13: 41000 | N13: 11940 | O13: 1517.935 | P13: 4409.2398 | R13: 1301.0871 | S13: 2585.4941 | T13: 1447.8767 | U13: 6468.3565 | W13: 3026.0623 | Y13: 8530.8055 | Z13: 4051.2494 | AB13: 3200.0001 | AC13: 3679.0875 | AD13: 64023.206 | AE13: 2520.6983 | AF13: 5027.7035 | AG13: 15042.956 | AH13: 9343.1439 | AI13: 12667.56 | AJ13: 656.85132 | AK13: 5346.4614 | AM13: 9213.9089 | AN13: 2510.4868 | AO13: 10990.551 | AP13: 3261.6065 | AQ13: 1904.5777 | AR13: 1421.2903
... A95: 42004 | B95: 3381.0468 | C95: 18545.292 | E95: 26690 | F95: 12001 | G95: 12119 | H95: 3708.9231 | I95: 16586.82 | J95: 0 | K95: 12141.974 | L95: 41000 | N95: 15173.9 | O95: 965.259 | P95: 2803.8476 | R95: 827.36485 | S95: 497.36858 | T95: 278.52641 | U95: 2912.8891 | W95: 582.12019 | Y95: 5871.155 | Z95: 2771.5446 | AB95: 36449.999 | AC95: 2343 | AD95: 41334.771 | AE95: 1729.5387 | AF95: 3223.0446 | AG95: 10341.012 | AH95: 5228.6008 | AI95: 8634.6647 | AJ95: 367.58648 | AK95: 3656.1819 | AM95: 6329.0762 | AN95: 1694.129 | AO95: 7569.6986 | AP95: 1825.257 | AQ95: 1246.2233 | AR95: 795.38108

Sheet Monthly CFS
A1: A | C1: CALSIM
A2: B | C2: D_THRMF_11_NU1_PMI
A3: C | C3: DIVERSION
A4: E
A5: F | C5: L2020A
A6: Units | C6: CFS | D6: AF/mon
A7: Type | C7: PER-AVER | D7: DaysInMonth | E7: Monthly_AF
A8: 1 | B8: 7975 | C8: 31.458822 | D8: =DAY(EOMONTH(B8,0)) -> 31 | E8: =C8*D8*86400/43560 -> 1934.3276
A9: 2 | B9: 8005 | C9: 20.646624 | D9: =DAY(EOMONTH(B9,0)) -> 30 | E9: =C9*D9*86400/43560 -> 1228.5595
A10: 3 | B10: 8036 | C10: 16.437944 | D10: =DAY(EOMONTH(B10,0)) -> 31 | E10: =C10*D10*86400/43560 -> 1010.7298
A11: 4 | B11: 8067 | C11: 16.532431 | D11: =DAY(EOMONTH(B11,0)) -> 31 | E11: =C11*D11*86400/43560 -> 1016.5395
A12: 5 | B12: 8095 | C12: 14.418213 | D12: =DAY(EOMONTH(B12,0)) -> 28 | E12: =C12*D12*86400/43560 -> 800.74702
A13: 6 | B13: 8126 | C13: 21.374018 | D13: =DAY(EOMONTH(B13,0)) -> 31 | E13: =C13*D13*86400/43560 -> 1314.2371
A14: 7 | B14: 8156 | C14: 26.245029 | D14: =DAY(EOMONTH(B14,0)) -> 30 | E14: =C14*D14*86400/43560 -> 1561.6877
A15: 8 | B15: 8187 | C15: 37.471605 | D15: =DAY(EOMONTH(B15,0)) -> 31 | E15: =C15*D15*86400/43560 -> 2304.0392
A16: 9 | B16: 8217 | C16: 50.919053 | D16: =DAY(EOMONTH(B16,0)) -> 30 | E16: =C16*D16*86400/43560 -> 3029.894
A17: 10 | B17: 8248 | C17: 63.227744 | D17: =DAY(EOMONTH(B17,0)) -> 31 | E17: =C17*D17*86400/43560 -> 3887.7224
A18: 11 | B18: 8279 | C18: 69.130194 | D18: =DAY(EOMONTH(B18,0)) -> 31 | E18: =C18*D18*86400/43560 -> 4250.6499
A19: 12 | B19: 8309 | C19: 60.25267 | D19: =DAY(EOMONTH(B19,0)) -> 30 | E19: =C19*D19*86400/43560 -> 3585.2829
... A1207: 1200 | B1207: 44469 | C1207: 7.7799325 | D1207: =DAY(EOMONTH(B1207,0)) -> 30 | E1207: =C1207*D1207*86400/43560 -> 462.93813

Sheet Monthly AF
B1: Butte County | C1: Monthly_AF (debug output)
A2: 7975 | B2: ='Monthly CFS'!C8 * 86400 * DAY(EOMONTH(A2,0)) / 43560 -> 1934.3276 | C2: -55400.331
A3: 8005 | B3: ='Monthly CFS'!C9 * 86400 * DAY(EOMONTH(A3,0)) / 43560 -> 1228.5595 | C3: 1871.9299
A4: 8036 | B4: ='Monthly CFS'!C10 * 86400 * DAY(EOMONTH(A4,0)) / 43560 -> 1010.7298 | C4: 1269.5114
A5: 8067 | B5: ='Monthly CFS'!C11 * 86400 * DAY(EOMONTH(A5,0)) / 43560 -> 1016.5395 | C5: 1010.7298
A6: 8095 | B6: ='Monthly CFS'!C12 * 86400 * DAY(EOMONTH(A6,0)) / 43560 -> 800.74702 | C6: 918.16474
A7: 8126 | B7: ='Monthly CFS'!C13 * 86400 * DAY(EOMONTH(A7,0)) / 43560 -> 1314.2371 | C7: 886.54135
A8: 8156 | B8: ='Monthly CFS'!C14 * 86400 * DAY(EOMONTH(A8,0)) / 43560 -> 1561.6877 | C8: 1271.8424
A9: 8187 | B9: ='Monthly CFS'!C15 * 86400 * DAY(EOMONTH(A9,0)) / 43560 -> 2304.0392 | C9: 1613.744
A10: 8217 | B10: ='Monthly CFS'!C16 * 86400 * DAY(EOMONTH(A10,0)) / 43560 -> 3029.894 | C10: 2229.7155
A11: 8248 | B11: ='Monthly CFS'!C17 * 86400 * DAY(EOMONTH(A11,0)) / 43560 -> 3887.7224 | C11: 3130.8905
A12: 8279 | B12: ='Monthly CFS'!C18 * 86400 * DAY(EOMONTH(A12,0)) / 43560 -> 4250.6499 | C12: 3887.7225
A13: 8309 | B13: ='Monthly CFS'!C19 * 86400 * DAY(EOMONTH(A13,0)) / 43560 -> 3585.2829 | C13: 4113.5323
... A1129: 42277 | B1129: ='Monthly CFS'!C1135 * 86400 * DAY(EOMONTH(A1129,0)) / 43560 -> 583.4078 | C1129: 669.3661
A1130: 42308 | B1130: ='Monthly CFS'!C1136 * 86400 * DAY(EOMONTH(A1130,0)) / 43560 -> 397.28997
A1131: 42338 | B1131: ='Monthly CFS'!C1137 * 86400 * DAY(EOMONTH(A1131,0)) / 43560 -> 252.33283
A1132: 42369 | B1132: ='Monthly CFS'!C1138 * 86400 * DAY(EOMONTH(A1132,0)) / 43560 -> 207.59296
A1133: 42400 | B1133: ='Monthly CFS'!C1139 * 86400 * DAY(EOMONTH(A1133,0)) / 43560 -> 133.67826
A1134: 42429 | B1134: ='Monthly CFS'!C1140 * 86400 * DAY(EOMONTH(A1134,0)) / 43560 -> 163.48609
A1135: 42460 | B1135: ='Monthly CFS'!C1141 * 86400 * DAY(EOMONTH(A1135,0)) / 43560 -> 733.90478
A1136: 42490 | B1136: ='Monthly CFS'!C1142 * 86400 * DAY(EOMONTH(A1136,0)) / 43560 -> 1561.6877
A1137: 42521 | B1137: ='Monthly CFS'!C1143 * 86400 * DAY(EOMONTH(A1137,0)) / 43560 -> 2304.0392
A1138: 42551 | B1138: ='Monthly CFS'!C1144 * 86400 * DAY(EOMONTH(A1138,0)) / 43560 -> 3029.894
A1139: 42582 | B1139: ='Monthly CFS'!C1145 * 86400 * DAY(EOMONTH(A1139,0)) / 43560 -> 3887.7224
A1140: 42613 | B1140: ='Monthly CFS'!C1146 * 86400 * DAY(EOMONTH(A1140,0)) / 43560 -> 4250.6499
A1141: 42643 | B1141: ='Monthly CFS'!C1147 * 86400 * DAY(EOMONTH(A1141,0)) / 43560 -> 3585.2829
... A1201: 44469 | B1201: ='Monthly CFS'!C1207 * 86400 * DAY(EOMONTH(A1201,0)) / 43560 -> 462.93813

Sheet Annual AF
B1: Butte County
A2: 8037 | B2: =SUMIFS('Monthly AF'!$B:$B,'Monthly AF'!$A:$A,">="&DATE(YEAR(A2),1,1),'Monthly AF'!$A:$A,"<="&DATE(YEAR(A2),12,31)) -> 27018.746 | C2: =B2-'swpCVPSupplyData_CCA1_v3.7.0__B'!B3 -> -0.00040192381
A3: 8402 | B3: =SUMIFS('Monthly AF'!$B:$B,'Monthly AF'!$A:$A,">="&DATE(YEAR(A3),1,1),'Monthly AF'!$A:$A,"<="&DATE(YEAR(A3),12,31)) -> 19477.113 | C3: =B3-'swpCVPSupplyData_CCA1_v3.7.0__B'!B4 -> -0.00012640828
A4: 8767 | B4: =SUMIFS('Monthly AF'!$B:$B,'Monthly AF'!$A:$A,">="&DATE(YEAR(A4),1,1),'Monthly AF'!$A:$A,"<="&DATE(YEAR(A4),12,31)) -> 15528.73 | C4: =B4-'swpCVPSupplyData_CCA1_v3.7.0__B'!B5 -> 0.00012499247
A5: 9133 | B5: =SUMIFS('Monthly AF'!$B:$B,'Monthly AF'!$A:$A,">="&DATE(YEAR(A5),1,1),'Monthly AF'!$A:$A,"<="&DATE(YEAR(A5),12,31)) -> 7139.3238 | C5: =B5-'swpCVPSupplyData_CCA1_v3.7.0__B'!B6 -> 0.00010692684
A6: 9498 | B6: =SUMIFS('Monthly AF'!$B:$B,'Monthly AF'!$A:$A,">="&DATE(YEAR(A6),1,1),'Monthly AF'!$A:$A,"<="&DATE(YEAR(A6),12,31)) -> 15337.226 | C6: =B6-'swpCVPSupplyData_CCA1_v3.7.0__B'!B7 -> -4.2957849e-05
A7: 9863 | B7: =SUMIFS('Monthly AF'!$B:$B,'Monthly AF'!$A:$A,">="&DATE(YEAR(A7),1,1),'Monthly AF'!$A:$A,"<="&DATE(YEAR(A7),12,31)) -> 26957.599 | C7: =B7-'swpCVPSupplyData_CCA1_v3.7.0__B'!B8 -> -0.00045426693
A8: 10228 | B8: =SUMIFS('Monthly AF'!$B:$B,'Monthly AF'!$A:$A,">="&DATE(YEAR(A8),1,1),'Monthly AF'!$A:$A,"<="&DATE(YEAR(A8),12,31)) -> 26395.102 | C8: =B8-'swpCVPSupplyData_CCA1_v3.7.0__B'!B9 -> -0.00040675165
A9: 10594 | B9: =SUMIFS('Monthly AF'!$B:$B,'Monthly AF'!$A:$A,">="&DATE(YEAR(A9),1,1),'Monthly AF'!$A:$A,"<="&DATE(YEAR(A9),12,31)) -> 3270.2024 | C9: =B9-'swpCVPSupplyData_CCA1_v3.7.0__B'!B10 -> -2.3820122e-05
A10: 10959 | B10: =SUMIFS('Monthly AF'!$B:$B,'Monthly AF'!$A:$A,">="&DATE(YEAR(A10),1,1),'Monthly AF'!$A:$A,"<="&DATE(YEAR(A10),12,31)) -> 17205.48 | C10: =B10-'swpCVPSupplyData_CCA1_v3.7.0__B'!B11 -> -0.00014908959
A11: 11324 | B11: =SUMIFS('Monthly AF'!$B:$B,'Monthly AF'!$A:$A,">="&DATE(YEAR(A11),1,1),'Monthly AF'!$A:$A,"<="&DATE(YEAR(A11),12,31)) -> 3025 | C11: =B11-'swpCVPSupplyData_CCA1_v3.7.0__B'!B12 -> -7.7999998e-06
A12: 11689 | B12: =SUMIFS('Monthly AF'!$B:$B,'Monthly AF'!$A:$A,">="&DATE(YEAR(A12),1,1),'Monthly AF'!$A:$A,"<="&DATE(YEAR(A12),12,31)) -> 4456.1699 | C12: =B12-'swpCVPSupplyData_CCA1_v3.7.0__B'!B13 -> 5.046802e-05
A13: 12055 | B13: =SUMIFS('Monthly AF'!$B:$B,'Monthly AF'!$A:$A,">="&DATE(YEAR(A13),1,1),'Monthly AF'!$A:$A,"<="&DATE(YEAR(A13),12,31)) -> 6085.0316 | C13: =B13-'swpCVPSupplyData_CCA1_v3.7.0__B'!B14 -> -1.1245479e-05
... A95: 42005 | B95: =SUMIFS('Monthly AF'!$B:$B,'Monthly AF'!$A:$A,">="&DATE(YEAR(A95),1,1),'Monthly AF'!$A:$A,"<="&DATE(YEAR(A95),12,31)) -> 4947.7012 | C95: =B95-'swpCVPSupplyData_CCA1_v3.7.0__B'!B96 -> 4947.7012

Sheet CCWD
A1: A | E1: CALSIM | F1: CALSIM
A2: B | E2: D_CCC019_CCWD | F2: PERDV_CVPMI_SYS | G2: D_CCC019_CCWD
A3: C | E3: DIVERSION | F3: PERCENT-DELIVERY | G3: DIVERSION
A4: E
A5: F | E5: L2020A | F5: L2020A | G5: L2020A
A6: Units | E6: CFS | F6: NONE | G6: AF
A7: Type | B7: Year | C7: Month | E7: PER-AVER | F7: PER-AVER | J7: Delivery | K7: May*PERDV_CVPMI_SYS | L7: Check if column K ever matches J
A8: 1 | B8: =YEAR(D8) -> 1921 | C8: =MONTH(D8) -> 10 | D8: 7975 | E8: 215.12986 | F8: 1 | G8: ='Monthly CFS'!C8 * 86400 * DAY(EOMONTH(D8,0)) / 43560 -> 1934.3276 | I8: 1922 | J8: =MIN(SUMIFS($G$8:$G$1207,$B$8:$B$1207,I8,$C$8:$C$1207,">2") + SUMIFS($G$8:$G$1207,$B$8:$B$1207,I8+1,$C$8:$C$1207,"<3"),SUMIFS($F$8:$F$1207,$B$8:$B$1207,I8,$C$8:$C$1207,5)*195000) -> 26931.733 | K8: =SUMIFS($F$8:$F$1207,$B$8:$B$1207,I8,$C$8:$C$1207,5)*195000 -> 195000 | L8: =IF(K8=J8,1,0) -> 0 | M8: =K8-J8 -> 168068.27
A9: 2 | B9: =YEAR(D9) -> 1921 | C9: =MONTH(D9) -> 11 | D9: 8005 | E9: 152.24053 | F9: 1 | G9: ='Monthly CFS'!C9 * 86400 * DAY(EOMONTH(D9,0)) / 43560 -> 1228.5595 | I9: 1923 | J9: =MIN(SUMIFS($G$8:$G$1207,$B$8:$B$1207,I9,$C$8:$C$1207,">2") + SUMIFS($G$8:$G$1207,$B$8:$B$1207,I9+1,$C$8:$C$1207,"<3"),SUMIFS($F$8:$F$1207,$B$8:$B$1207,I9,$C$8:$C$1207,5)*195000) -> 18017.159 | K9: =SUMIFS($F$8:$F$1207,$B$8:$B$1207,I9,$C$8:$C$1207,5)*195000 -> 195000 | L9: =IF(K9=J9,1,0) -> 0 | M9: =K9-J9 -> 176982.84
A10: 3 | B10: =YEAR(D10) -> 1921 | C10: =MONTH(D10) -> 12 | D10: 8036 | E10: 138.9296 | F10: 1 | G10: ='Monthly CFS'!C10 * 86400 * DAY(EOMONTH(D10,0)) / 43560 -> 1010.7298 | I10: 1924 | J10: =MIN(SUMIFS($G$8:$G$1207,$B$8:$B$1207,I10,$C$8:$C$1207,">2") + SUMIFS($G$8:$G$1207,$B$8:$B$1207,I10+1,$C$8:$C$1207,"<3"),SUMIFS($F$8:$F$1207,$B$8:$B$1207,I10,$C$8:$C$1207,5)*195000) -> 15511.249 | K10: =SUMIFS($F$8:$F$1207,$B$8:$B$1207,I10,$C$8:$C$1207,5)*195000 -> 48750 | L10: =IF(K10=J10,1,0) -> 0 | M10: =K10-J10 -> 33238.751
A11: 4 | B11: =YEAR(D11) -> 1922 | C11: =MONTH(D11) -> 1 | D11: 8067 | E11: 110.24576 | F11: 1 | G11: ='Monthly CFS'!C11 * 86400 * DAY(EOMONTH(D11,0)) / 43560 -> 1016.5395 | I11: 1925 | J11: =MIN(SUMIFS($G$8:$G$1207,$B$8:$B$1207,I11,$C$8:$C$1207,">2") + SUMIFS($G$8:$G$1207,$B$8:$B$1207,I11+1,$C$8:$C$1207,"<3"),SUMIFS($F$8:$F$1207,$B$8:$B$1207,I11,$C$8:$C$1207,5)*195000) -> 7140.1202 | K11: =SUMIFS($F$8:$F$1207,$B$8:$B$1207,I11,$C$8:$C$1207,5)*195000 -> 195000 | L11: =IF(K11=J11,1,0) -> 0 | M11: =K11-J11 -> 187859.88
A12: 5 | B12: =YEAR(D12) -> 1922 | C12: =MONTH(D12) -> 2 | D12: 8095 | E12: 102.91438 | F12: 1 | G12: ='Monthly CFS'!C12 * 86400 * DAY(EOMONTH(D12,0)) / 43560 -> 800.74702 | I12: 1926 | J12: =MIN(SUMIFS($G$8:$G$1207,$B$8:$B$1207,I12,$C$8:$C$1207,">2") + SUMIFS($G$8:$G$1207,$B$8:$B$1207,I12+1,$C$8:$C$1207,"<3"),SUMIFS($F$8:$F$1207,$B$8:$B$1207,I12,$C$8:$C$1207,5)*195000) -> 16839.73 | K12: =SUMIFS($F$8:$F$1207,$B$8:$B$1207,I12,$C$8:$C$1207,5)*195000 -> 118806.2 | L12: =IF(K12=J12,1,0) -> 0 | M12: =K12-J12 -> 101966.47
A13: 6 | B13: =YEAR(D13) -> 1922 | C13: =MONTH(D13) -> 3 | D13: 8126 | E13: 106.88717 | F13: 0.75 | G13: ='Monthly CFS'!C13 * 86400 * DAY(EOMONTH(D13,0)) / 43560 -> 1314.2371 | I13: 1927 | J13: =MIN(SUMIFS($G$8:$G$1207,$B$8:$B$1207,I13,$C$8:$C$1207,">2") + SUMIFS($G$8:$G$1207,$B$8:$B$1207,I13+1,$C$8:$C$1207,"<3"),SUMIFS($F$8:$F$1207,$B$8:$B$1207,I13,$C$8:$C$1207,5)*195000) -> 26826.167 | K13: =SUMIFS($F$8:$F$1207,$B$8:$B$1207,I13,$C$8:$C$1207,5)*195000 -> 195000 | L13: =IF(K13=J13,1,0) -> 0 | M13: =K13-J13 -> 168173.83
A14: 7 | B14: =YEAR(D14) -> 1922 | C14: =MONTH(D14) -> 4 | D14: 8156 | E14: 140.91722 | F14: 1 | G14: ='Monthly CFS'!C14 * 86400 * DAY(EOMONTH(D14,0)) / 43560 -> 1561.6877 | I14: 1928 | J14: =MIN(SUMIFS($G$8:$G$1207,$B$8:$B$1207,I14,$C$8:$C$1207,">2") + SUMIFS($G$8:$G$1207,$B$8:$B$1207,I14+1,$C$8:$C$1207,"<3"),SUMIFS($F$8:$F$1207,$B$8:$B$1207,I14,$C$8:$C$1207,5)*195000) -> 25023.234 | K14: =SUMIFS($F$8:$F$1207,$B$8:$B$1207,I14,$C$8:$C$1207,5)*195000 -> 195000 | L14: =IF(K14=J14,1,0) -> 0 | M14: =K14-J14 -> 169976.77
A15: 8 | B15: =YEAR(D15) -> 1922 | C15: =MONTH(D15) -> 5 | D15: 8187 | E15: 172.19561 | F15: 1 | G15: ='Monthly CFS'!C15 * 86400 * DAY(EOMONTH(D15,0)) / 43560 -> 2304.0392 | I15: 1929 | J15: =MIN(SUMIFS($G$8:$G$1207,$B$8:$B$1207,I15,$C$8:$C$1207,">2") + SUMIFS($G$8:$G$1207,$B$8:$B$1207,I15+1,$C$8:$C$1207,"<3"),SUMIFS($F$8:$F$1207,$B$8:$B$1207,I15,$C$8:$C$1207,5)*195000) -> 3355.2385 | K15: =SUMIFS($F$8:$F$1207,$B$8:$B$1207,I15,$C$8:$C$1207,5)*195000 -> 48750 | L15: =IF(K15=J15,1,0) -> 0 | M15: =K15-J15 -> 45394.761
A16: 9 | B16: =YEAR(D16) -> 1922 | C16: =MONTH(D16) -> 6 | D16: 8217 | E16: 249.30857 | F16: 1 | G16: ='Monthly CFS'!C16 * 86400 * DAY(EOMONTH(D16,0)) / 43560 -> 3029.894 | I16: 1930 | J16: =MIN(SUMIFS($G$8:$G$1207,$B$8:$B$1207,I16,$C$8:$C$1207,">2") + SUMIFS($G$8:$G$1207,$B$8:$B$1207,I16+1,$C$8:$C$1207,"<3"),SUMIFS($F$8:$F$1207,$B$8:$B$1207,I16,$C$8:$C$1207,5)*195000) -> 17120.444 | K16: =SUMIFS($F$8:$F$1207,$B$8:$B$1207,I16,$C$8:$C$1207,5)*195000 -> 112547.45 | L16: =IF(K16=J16,1,0) -> 0 | M16: =K16-J16 -> 95427.002
A17: 10 | B17: =YEAR(D17) -> 1922 | C17: =MONTH(D17) -> 7 | D17: 8248 | E17: 274.69603 | F17: 1 | G17: ='Monthly CFS'!C17 * 86400 * DAY(EOMONTH(D17,0)) / 43560 -> 3887.7224 | I17: 1931 | J17: =MIN(SUMIFS($G$8:$G$1207,$B$8:$B$1207,I17,$C$8:$C$1207,">2") + SUMIFS($G$8:$G$1207,$B$8:$B$1207,I17+1,$C$8:$C$1207,"<3"),SUMIFS($F$8:$F$1207,$B$8:$B$1207,I17,$C$8:$C$1207,5)*195000) -> 3025 | K17: =SUMIFS($F$8:$F$1207,$B$8:$B$1207,I17,$C$8:$C$1207,5)*195000 -> 48750 | L17: =IF(K17=J17,1,0) -> 0 | M17: =K17-J17 -> 45725
A18: 11 | B18: =YEAR(D18) -> 1922 | C18: =MONTH(D18) -> 8 | D18: 8279 | E18: 284.25013 | F18: 1 | G18: ='Monthly CFS'!C18 * 86400 * DAY(EOMONTH(D18,0)) / 43560 -> 4250.6499 | I18: 1932 | J18: =MIN(SUMIFS($G$8:$G$1207,$B$8:$B$1207,I18,$C$8:$C$1207,">2") + SUMIFS($G$8:$G$1207,$B$8:$B$1207,I18+1,$C$8:$C$1207,"<3"),SUMIFS($F$8:$F$1207,$B$8:$B$1207,I18,$C$8:$C$1207,5)*195000) -> 4456.1699 | K18: =SUMIFS($F$8:$F$1207,$B$8:$B$1207,I18,$C$8:$C$1207,5)*195000 -> 48750 | L18: =IF(K18=J18,1,0) -> 0 | M18: =K18-J18 -> 44293.83
A19: 12 | B19: =YEAR(D19) -> 1922 | C19: =MONTH(D19) -> 9 | D19: 8309 | E19: 251.09752 | F19: 1 | G19: ='Monthly CFS'!C19 * 86400 * DAY(EOMONTH(D19,0)) / 43560 -> 3585.2829 | I19: 1933 | J19: =MIN(SUMIFS($G$8:$G$1207,$B$8:$B$1207,I19,$C$8:$C$1207,">2") + SUMIFS($G$8:$G$1207,$B$8:$B$1207,I19+1,$C$8:$C$1207,"<3"),SUMIFS($F$8:$F$1207,$B$8:$B$1207,I19,$C$8:$C$1207,5)*195000) -> 6085.0316 | K19: =SUMIFS($F$8:$F$1207,$B$8:$B$1207,I19,$C$8:$C$1207,5)*195000 -> 48750 | L19: =IF(K19=J19,1,0) -> 0 | M19: =K19-J19 -> 42664.968
... A101: 94 | B101: =YEAR(D101) -> 1929 | C101: =MONTH(D101) -> 7 | D101: 10805 | E101: 287.21575 | F101: 0.25 | G101: ='Monthly CFS'!C101 * 86400 * DAY(EOMONTH(D101,0)) / 43560 -> 466.0453 | I101: 2015 | J101: =MIN(SUMIFS($G$8:$G$1207,$B$8:$B$1207,I101,$C$8:$C$1207,">2") + SUMIFS($G$8:$G$1207,$B$8:$B$1207,I101+1,$C$8:$C$1207,"<3"),SUMIFS($F$8:$F$1207,$B$8:$B$1207,I101,$C$8:$C$1207,5)*195000) -> 4919.7162 | K101: =SUMIFS($F$8:$F$1207,$B$8:$B$1207,I101,$C$8:$C$1207,5)*195000 -> 97500 | L101: =IF(K101=J101,1,0) -> 0 | M101: =K101-J101 -> 92580.284
A102: 95 | B102: =YEAR(D102) -> 1929 | C102: =MONTH(D102) -> 8 | D102: 10836 | E102: 278.99732 | F102: 0.25 | G102: ='Monthly CFS'!C102 * 86400 * DAY(EOMONTH(D102,0)) / 43560 -> 509.55166
A103: 96 | B103: =YEAR(D103) -> 1929 | C103: =MONTH(D103) -> 9 | D103: 10866 | E103: 254.31992 | F103: 0.25 | G103: ='Monthly CFS'!C103 * 86400 * DAY(EOMONTH(D103,0)) / 43560 -> 429.79001
A104: 97 | B104: =YEAR(D104) -> 1929 | C104: =MONTH(D104) -> 10 | D104: 10897 | E104: 214.84263 | F104: 0.25 | G104: ='Monthly CFS'!C104 * 86400 * DAY(EOMONTH(D104,0)) / 43560 -> 292.67909
A105: 98 | B105: =YEAR(D105) -> 1929 | C105: =MONTH(D105) -> 11 | D105: 10927 | E105: 177.10611 | F105: 0.25 | G105: ='Monthly CFS'!C105 * 86400 * DAY(EOMONTH(D105,0)) / 43560 -> 185.89078
A106: 99 | B106: =YEAR(D106) -> 1929 | C106: =MONTH(D106) -> 12 | D106: 10958 | E106: 161.98827 | F106: 0.25 | G106: ='Monthly CFS'!C106 * 86400 * DAY(EOMONTH(D106,0)) / 43560 -> 152.93142
A107: 100 | B107: =YEAR(D107) -> 1930 | C107: =MONTH(D107) -> 1 | D107: 10989 | E107: 157.69227 | F107: 0.25 | G107: ='Monthly CFS'!C107 * 86400 * DAY(EOMONTH(D107,0)) / 43560 -> 133.67826
A108: 101 | B108: =YEAR(D108) -> 1930 | C108: =MONTH(D108) -> 2 | D108: 11017 | E108: 173.74393 | F108: 0.5 | G108: ='Monthly CFS'!C108 * 86400 * DAY(EOMONTH(D108,0)) / 43560 -> 204.1973
A109: 102 | B109: =YEAR(D109) -> 1930 | C109: =MONTH(D109) -> 3 | D109: 11048 | E109: 123.59371 | F109: 0.5 | G109: ='Monthly CFS'!C109 * 86400 * DAY(EOMONTH(D109,0)) / 43560 -> 276.45858
A110: 103 | B110: =YEAR(D110) -> 1930 | C110: =MONTH(D110) -> 4 | D110: 11078 | E110: 181.23525 | F110: 0.59027472 | G110: ='Monthly CFS'!C110 * 86400 * DAY(EOMONTH(D110,0)) / 43560 -> 1084.6882
A111: 104 | B111: =YEAR(D111) -> 1930 | C111: =MONTH(D111) -> 5 | D111: 11109 | E111: 220.07156 | F111: 0.57716639 | G111: ='Monthly CFS'!C111 * 86400 * DAY(EOMONTH(D111,0)) / 43560 -> 1600.297
A112: 105 | B112: =YEAR(D112) -> 1930 | C112: =MONTH(D112) -> 6 | D112: 11139 | E112: 257.70907 | F112: 0.57716639 | G112: ='Monthly CFS'!C112 * 86400 * DAY(EOMONTH(D112,0)) / 43560 -> 2104.4479
A113: 106 | B113: =YEAR(D113) -> 1930 | C113: =MONTH(D113) -> 7 | D113: 11170 | E113: 288.2429 | F113: 0.57716639 | G113: ='Monthly CFS'!C113 * 86400 * DAY(EOMONTH(D113,0)) / 43560 -> 2700.2625
... A1207: 1200 | B1207: =YEAR(D1207) -> 2021 | C1207: =MONTH(D1207) -> 9 | D1207: 44469 | E1207: 254.31992 | F1207: 0.25 | G1207: ='Monthly CFS'!C1207 * 86400 * DAY(EOMONTH(D1207,0)) / 43560 -> 462.93813
